WARD,NAME,REP_NAME,WEB_URL,REP_PHONE,REP_EMAIL,REP_OFFICE,WARD_ID,LABEL,STUSAB,SUMLEV,GEOID,GEOCODE,STATE,POP100,HU100,P0010001,P0010002,P0010003,P0010004,P0010005,P0010006,P0010007,P0010008,P0010009,P0010010,P0010011,P0010012,P0010013,P0010014,P0010015,P0010016,P0010017,P0010018,P0010019,P0010020,P0010021,P0010022,P0010023,P0010024,P0010025,P0010026,P0010027,P0010028,P0010029,P0010030,P0010031,P0010032,P0010033,P0010034,P0010035,P0010036,P0010037,P0010038,P0010039,P0010040,P0010041,P0010042,P0010043,P0010044,P0010045,P0010046,P0010047,P0010048,P0010049,P0010050,P0010051,P0010052,P0010053,P0010054,P0010055,P0010056,P0010057,P0010058,P0010059,P0010060,P0010061,P0010062,P0010063,P0010064,P0010065,P0010066,P0010067,P0010068,P0010069,P0010070,P0010071,P0020001,P0020002,P0020003,P0020004,P0020005,P0020006,P0020007,P0020008,P0020009,P0020010,P0020011,P0020012,P0020013,P0020014,P0020015,P0020016,P0020017,P0020018,P0020019,P0020020,P0020021,P0020022,P0020023,P0020024,P0020025,P0020026,P0020027,P0020028,P0020029,P0020030,P0020031,P0020032,P0020033,P0020034,P0020035,P0020036,P0020037,P0020038,P0020039,P0020040,P0020041,P0020042,P0020043,P0020044,P0020045,P0020046,P0020047,P0020048,P0020049,P0020050,P0020051,P0020052,P0020053,P0020054,P0020055,P0020056,P0020057,P0020058,P0020059,P0020060,P0020061,P0020062,P0020063,P0020064,P0020065,P0020066,P0020067,P0020068,P0020069,P0020070,P0020071,P0020072,P0020073,P0030001,P0030002,P0030003,P0030004,P0030005,P0030006,P0030007,P0030008,P0030009,P0030010,P0030011,P0030012,P0030013,P0030014,P0030015,P0030016,P0030017,P0030018,P0030019,P0030020,P0030021,P0030022,P0030023,P0030024,P0030025,P0030026,P0030027,P0030028,P0030029,P0030030,P0030031,P0030032,P0030033,P0030034,P0030035,P0030036,P0030037,P0030038,P0030039,P0030040,P0030041,P0030042,P0030043,P0030044,P0030045,P0030046,P0030047,P0030048,P0030049,P0030050,P0030051,P0030052,P0030053,P0030054,P0030055,P0030056,P0030057,P0030058,P0030059,P0030060,P0030061,P0030062,P0030063,P0030064,P0030065,P0030066,P0030067,P0030068,P0030069,P0030070,P0030071,P0040001,P0040002,P0040003,P0040004,P0040005,P0040006,P0040007,P0040008,P0040009,P0040010,P0040011,P0040012,P0040013,P0040014,P0040015,P0040016,P0040017,P0040018,P0040019,P0040020,P0040021,P0040022,P0040023,P0040024,P0040025,P0040026,P0040027,P0040028,P0040029,P0040030,P0040031,P0040032,P0040033,P0040034,P0040035,P0040036,P0040037,P0040038,P0040039,P0040040,P0040041,P0040042,P0040043,P0040044,P0040045,P0040046,P0040047,P0040048,P0040049,P0040050,P0040051,P0040052,P0040053,P0040054,P0040055,P0040056,P0040057,P0040058,P0040059,P0040060,P0040061,P0040062,P0040063,P0040064,P0040065,P0040066,P0040067,P0040068,P0040069,P0040070,P0040071,P0040072,P0040073,H0010001,H0010002,H0010003,P0050001,P0050002,P0050003,P0050004,P0050005,P0050006,P0050007,P0050008,P0050009,P0050010,OBJECTID,GLOBALID,CREATED_USER,CREATED_DATE,LAST_EDITED_USER,LAST_EDITED_DATE,SHAPEAREA,SHAPELEN
8,Ward 8,"Trayon White, Sr.",https://www.dccouncil.us/council/councilmember-trayon-white-sr,(202) 724-8045,twhite@dccouncil.us,"1350 Pennsylvania Ave, Suite 400, NW 20004",8,Ward 8,DC,610,610U600US11008,11008,11,85246,39164,85246,81405,8096,70959,305,751,34,1260,3841,3341,988,148,290,22,608,513,156,26,483,4,0,46,30,24,3,427,217,32,5,66,7,1,33,18,20,1,9,3,5,3,3,0,0,0,2,2,66,15,3,34,2,6,0,0,4,0,2,0,0,0,0,0,7,4,1,0,1,0,1,0,0,85246,3081,82165,79340,7670,70357,213,731,29,340,2825,2475,935,132,272,19,104,482,152,23,297,4,0,12,29,14,0,315,194,30,5,37,3,0,7,15,6,0,8,2,2,3,2,0,0,0,0,1,32,13,3,10,1,5,0,0,0,0,0,0,0,0,0,0,3,2,0,0,1,0,0,0,0,62507,59754,6972,50933,237,646,25,941,2753,2413,675,111,177,19,464,378,104,19,375,4,0,41,25,19,2,293,161,14,5,45,4,1,24,10,9,0,8,3,3,2,2,0,0,0,0,2,43,10,3,24,1,2,0,0,1,0,2,0,0,0,0,0,4,3,1,0,0,0,0,0,0,62507,2195,60312,58274,6649,50546,178,628,23,250,2038,1779,651,99,168,17,83,358,100,16,241,4,0,7,25,10,0,233,152,14,5,26,3,0,6,7,4,0,7,2,2,2,2,0,0,0,0,1,25,9,3,10,1,2,0,0,0,0,0,0,0,0,0,0,1,1,0,0,0,0,0,0,0,39164,34608,4556,3362,1054,23,32,750,249,2308,0,563,1745,1,{E31550AE-6FAE-4B74-909F-52B283BFAF68},,,,,0,0
6,Ward 6,Charles Allen,https://www.dccouncil.us/council/councilmember-allen,(202) 724-8072,callen@dccouncil.us,"1350 Pennsylvania Ave, Suite 110, NW 20004",6,Ward 6,DC,610,610U600US11006,11006,11,84266,52768,84266,77187,50624,19562,216,5028,54,1703,7079,6449,851,388,1528,47,2847,228,157,11,274,13,0,31,31,38,5,518,125,73,4,106,11,0,106,20,33,0,8,3,17,5,5,1,0,0,0,1,101,18,0,57,7,14,0,0,1,0,2,2,0,0,0,0,10,4,5,0,0,0,1,1,1,84266,6122,78144,73945,49107,19243,121,4977,50,447,4199,3885,800,338,1492,40,630,206,153,11,156,12,0,2,22,23,0,268,97,62,3,38,8,0,5,18,11,0,7,3,5,5,5,1,0,0,0,0,40,16,0,9,6,8,0,0,0,0,0,1,0,0,0,0,6,4,1,0,0,0,1,0,0,74262,68775,45847,16404,177,4765,50,1532,5487,4988,610,332,966,42,2422,181,116,7,221,12,0,24,24,30,1,404,101,48,4,91,4,0,96,11,18,0,5,3,12,4,5,1,0,0,0,1,88,15,0,52,5,12,0,0,1,0,2,1,0,0,0,0,7,3,4,0,0,0,0,0,0,74262,5257,69005,65905,44499,16156,102,4722,48,378,3100,2854,581,303,947,36,514,169,114,7,131,11,0,2,18,21,0,207,82,40,3,34,4,0,5,10,9,0,4,3,3,4,5,1,0,0,0,0,35,13,0,8,5,8,0,0,0,0,0,1,0,0,0,0,4,3,1,0,0,0,0,0,0,52768,45285,7483,1991,194,31,29,134,0,1797,655,255,887,2,{765C4F49-9292-4BDB-AA24-39F4EE43359F},,,JLAY,2023/12/07 20:08:04+00,0,0
7,Ward 7,Vincent Gray,https://dccouncil.us/council/vincent-gray,(202) 724-8068,vgray@dccouncil.us,"1350 Pennsylvania Ave, Suite 406, NW 20004",7,Ward 7,DC,610,610U600US11007,11007,11,85685,38968,85685,81893,7038,71628,343,591,40,2253,3792,3299,935,140,219,17,654,591,150,13,486,5,2,32,29,19,7,444,233,42,1,53,5,0,24,10,21,9,10,3,15,6,7,2,1,0,1,1,43,12,0,23,0,3,0,1,2,0,1,0,0,0,1,0,6,0,4,0,1,1,0,0,0,85685,4078,81607,78876,6624,70969,239,568,32,444,2731,2384,907,93,205,11,131,571,143,13,262,3,2,6,29,8,0,326,202,36,1,35,5,0,4,10,4,0,8,2,7,6,5,0,1,0,0,0,19,10,0,7,0,1,0,1,0,0,0,0,0,0,0,0,2,0,0,0,1,1,0,0,0,66683,63965,5876,55656,265,504,33,1631,2718,2375,667,90,114,12,498,469,92,11,352,3,1,21,24,14,7,306,159,33,1,36,2,0,15,6,14,8,7,2,12,2,7,2,0,0,0,0,32,7,0,20,0,3,0,0,1,0,1,0,0,0,0,0,5,0,4,0,0,1,0,0,0,66683,2938,63745,61796,5529,55244,197,484,25,317,1949,1718,648,65,106,10,98,454,86,11,201,1,1,5,24,8,0,218,136,27,1,21,2,0,2,6,2,0,7,1,6,2,5,0,0,0,0,0,12,6,0,5,0,1,0,0,0,0,0,0,0,0,0,0,1,0,0,0,0,1,0,0,0,38968,34958,4010,4528,2557,2197,34,289,37,1971,0,0,1971,3,{73F07042-7D7F-452B-9BB3-0F87B0EC5418},,,,,0,0
2,Ward 2,Brooke Pinto,https://www.dccouncil.us/council/ward-2-councilmember-brooke-pinto,(202) 724-8058,bpinto@dccouncil.us,"1350 Pennsylvania Ave, Suite 106, NW 20004",2,Ward 2,DC,610,610U600US11002,11002,11,89485,53217,89485,81571,57597,10196,317,9853,64,3544,7914,7407,726,359,1666,34,4056,120,95,20,193,10,2,61,21,42,2,431,97,51,2,81,9,0,96,23,34,4,5,3,9,3,8,4,0,0,0,2,74,25,0,39,1,2,0,0,2,0,4,1,0,0,0,0,1,1,0,0,0,0,0,1,1,89485,9744,79741,75843,55391,10000,120,9803,54,475,3898,3669,695,297,1633,27,662,99,87,20,85,9,2,2,15,36,0,200,72,45,2,23,6,0,3,19,7,3,4,2,6,3,4,1,0,0,0,0,28,20,0,2,1,2,0,0,0,0,2,1,0,0,0,0,1,1,0,0,0,0,0,0,0,83628,76770,54915,9062,272,9442,53,3026,6858,6476,630,322,1372,31,3677,97,61,16,159,10,1,48,20,30,2,317,73,32,1,58,7,0,79,16,20,4,5,3,7,2,5,3,0,0,0,2,64,24,0,33,1,0,0,0,2,0,3,1,0,0,0,0,1,1,0,0,0,0,0,0,0,83628,8618,75010,71714,52844,8908,111,9397,46,408,3296,3121,605,271,1344,26,585,83,59,16,80,9,1,1,15,26,0,150,56,26,1,17,5,0,3,15,7,3,4,2,5,2,4,0,0,0,0,0,24,20,0,1,1,0,0,0,0,0,1,1,0,0,0,0,1,1,0,0,0,0,0,0,0,53217,46543,6674,13218,205,27,0,178,0,13013,11470,0,1543,4,{7F8C2A51-427C-45FC-91EB-9693656AED9C},,,,,0,0
1,Ward 1,Brianne Nadeau,https://dccouncil.us/council/brianne-nadeau,(202) 724-8181,bnadeau@dccouncil.us,"1350 Pennsylvania Ave, Suite 108, NW 20004",1,Ward 1,DC,610,610U600US11001,11001,11,85285,45694,85285,76084,42307,18741,696,5273,88,8979,9201,8497,956,330,1294,38,4558,130,197,3,638,10,8,239,21,61,14,609,155,50,5,114,24,0,145,16,49,0,7,3,19,2,9,6,0,0,1,4,87,10,1,52,2,10,0,0,5,0,4,2,1,0,0,0,8,1,3,0,1,2,1,0,0,85285,17269,68016,64204,40017,18330,163,5202,70,422,3812,3506,862,238,1279,30,548,118,189,3,172,8,7,2,19,29,2,275,103,48,3,48,19,0,4,15,2,0,6,3,11,2,8,1,0,0,0,2,27,5,0,10,2,7,0,0,0,0,1,2,0,0,0,0,4,1,0,0,1,2,0,0,0,75254,67609,39386,15702,543,4954,82,6942,7645,7102,757,291,1001,31,3905,94,167,3,554,9,6,203,19,49,13,469,129,35,4,87,15,0,134,8,29,0,4,2,8,1,4,6,0,0,0,3,68,4,1,44,2,8,0,0,3,0,4,2,0,0,0,0,6,1,3,0,0,2,0,0,0,75254,13901,61353,58271,37464,15389,129,4890,65,334,3082,2860,690,218,993,24,473,86,163,3,150,7,5,2,18,26,2,203,88,34,2,37,12,0,3,8,2,0,3,2,4,1,4,1,0,0,0,2,16,1,0,5,2,5,0,0,0,0,1,2,0,0,0,0,3,1,0,0,0,2,0,0,0,45694,41035,4659,5066,305,0,173,132,0,4761,4009,0,752,5,{C3C6E2E7-E68D-49B2-970C-D60675EA7B4B},,,JLAY,2023/12/07 20:08:04+00,0,0
5,Ward 5,Zachary Parker,https://dccouncil.us/council/kenyan-mcduffie,(202) 724-8028,zparker@dccouncil.gov,"1350 Pennsylvania Ave, Suite 102, NW 20004",5,Ward 5,DC,610,610U600US11005,11005,11,89617,41794,89617,82833,22248,51307,495,2731,87,5965,6784,6057,1189,241,838,22,2146,396,260,12,736,7,2,133,23,38,14,630,242,40,1,123,8,1,81,30,42,1,8,4,25,10,3,9,1,0,0,1,92,17,0,55,1,7,0,0,3,3,0,4,1,0,1,0,5,4,0,0,0,0,1,0,0,89617,10419,79198,75285,21217,50554,218,2687,76,533,3913,3516,1122,187,802,14,338,381,251,11,349,7,1,9,22,21,1,368,197,33,1,53,7,0,1,26,13,1,6,4,8,10,0,7,1,0,0,0,27,13,0,8,0,5,0,0,0,0,0,0,1,0,0,0,2,2,0,0,0,0,0,0,0,74096,69224,19777,41961,414,2490,75,4507,4872,4360,798,193,480,14,1605,327,181,10,582,6,2,100,22,28,12,449,181,23,0,95,3,1,59,23,25,1,5,2,20,7,0,2,1,0,0,1,60,11,0,40,0,3,0,0,2,3,0,1,0,0,0,0,3,3,0,0,0,0,0,0,0,74096,7776,66320,63538,18976,41437,180,2453,69,423,2782,2492,763,151,462,7,261,317,175,9,292,6,1,9,21,17,1,273,157,17,0,45,3,0,1,20,9,1,3,2,7,7,0,0,1,0,0,0,16,7,0,6,0,3,0,0,0,0,0,0,0,0,0,0,1,1,0,0,0,0,0,0,0,41794,37211,4583,6759,1007,0,40,967,0,5752,3053,0,2699,6,{6C10DD95-DE70-4F26-94BA-79F378FA74E0},,,JLAY,2023/12/07 20:08:04+00,0,0
3,Ward 3,Matthew Frumin,https://www.dccouncil.us/council/council-member-mary-m-cheh,(202) 724-8062,mfrumin@dccouncil.gov,"1350 Pennsylvania Ave, Suite 408, NW 20004",3,Ward 3,DC,610,610U600US11003,11003,11,85301,44109,85301,76395,60841,6102,191,7087,32,2142,8906,8310,857,319,1871,46,4706,69,137,6,205,9,1,26,16,39,3,518,91,46,2,114,15,1,136,24,45,0,8,10,12,2,9,2,0,0,0,1,65,11,2,46,1,2,1,0,1,0,0,0,0,0,1,0,11,4,4,0,1,1,1,2,2,85301,8293,77008,72592,59008,5932,69,7040,19,524,4416,4153,812,259,1823,39,890,54,134,6,88,9,1,1,15,22,0,232,67,39,2,42,15,1,4,23,9,0,8,10,5,2,3,2,0,0,0,0,27,9,1,13,1,2,1,0,0,0,0,0,0,0,0,0,4,2,0,0,1,1,0,0,0,72158,65791,52038,5375,167,6358,26,1827,6367,5917,531,285,964,38,3709,50,105,5,159,8,1,19,13,27,3,388,70,26,2,93,12,0,118,21,20,0,5,7,10,2,1,0,0,0,0,1,53,9,1,40,1,1,0,0,1,0,0,0,0,0,0,0,9,4,4,0,0,1,0,0,0,72158,6700,65458,62617,50556,5263,60,6322,15,401,2841,2649,498,240,940,35,681,40,102,5,72,8,1,0,12,15,0,170,53,21,2,33,12,0,4,20,6,0,5,7,4,2,1,0,0,0,0,0,19,7,1,9,1,1,0,0,0,0,0,0,0,0,0,0,3,2,0,0,0,1,0,0,0,44109,40656,3453,4844,131,0,0,131,0,4713,4599,0,114,7,{1185DA9F-91FF-43F8-B7B8-02C8B8F18770},,,JLAY,2023/12/07 20:08:04+00,0,0
4,Ward 4,Janeese Lewis George,https://dccouncil.us/council/ward-4-councilmember-janeese-lewis-george,(202) 724-8052,jlewisgeorge@dccouncil.us,"1350 Pennsylvania Ave, Suite 105, NW 20004",4,Ward 4,DC,610,610U600US11004,11004,11,84660,34650,84660,76100,24443,37315,630,2231,33,11448,8560,7787,1041,287,940,21,3850,287,188,21,841,12,5,199,19,39,37,685,219,60,3,135,9,0,160,12,29,0,8,10,25,1,5,3,0,0,0,6,85,21,2,48,0,7,0,0,3,0,3,0,1,0,0,0,3,2,1,0,0,0,0,0,0,84660,18646,66014,62323,22737,36681,134,2184,19,568,3691,3309,966,153,908,16,399,278,175,21,342,10,5,7,17,12,0,351,183,57,3,53,7,0,2,8,9,0,7,8,5,1,5,3,0,0,0,0,30,16,1,9,0,4,0,0,0,0,0,0,0,0,0,0,1,1,0,0,0,0,0,0,0,66573,60814,19359,31044,479,1934,25,7973,5759,5210,599,211,416,17,2681,225,117,20,695,9,5,143,17,30,25,496,170,34,1,89,4,0,134,9,13,0,8,7,17,1,4,1,0,0,0,4,51,8,2,33,0,2,0,0,2,0,3,0,1,0,0,0,2,1,1,0,0,0,0,0,0,66573,12990,53583,51231,18250,30597,106,1899,14,365,2352,2067,561,115,402,15,284,223,110,20,290,7,5,7,16,12,0,268,146,32,1,46,4,0,1,8,7,0,7,5,5,1,4,1,0,0,0,0,17,7,1,7,0,2,0,0,0,0,0,0,0,0,0,0,0,0,0,0,0,0,0,0,0,34650,32152,2498,914,153,0,7,146,0,761,16,0,745,8,{AEF97B21-5F96-49F6-8C58-0D41FF95B471},,,,,0,0
